Ticket,Category
Customer support issue: question problem problem problem concern.,Billing
Customer support issue: question problem problem problem question.,Technical Support
Customer support issue: concern concern question question problem.,Billing
Customer support issue: concern problem question problem problem.,Product Inquiry
Customer support issue: problem question question question problem.,Billing
Customer support issue: concern question concern question question.,Product Inquiry
Customer support issue: question concern problem problem problem.,Billing
Customer support issue: concern concern question question concern.,Technical Support
Customer support issue: question problem problem concern question.,Technical Support
Customer support issue: question problem question problem concern.,Technical Support
Customer support issue: concern concern concern problem problem.,Product Inquiry
Customer support issue: question problem concern question concern.,Technical Support
Customer support issue: question question concern question problem.,Technical Support
Customer support issue: concern question concern question question.,Product Inquiry
Customer support issue: problem concern question problem problem.,Billing
Customer support issue: problem problem concern question question.,Returns
Customer support issue: question concern concern problem concern.,Product Inquiry
Customer support issue: concern question problem problem problem.,Product Inquiry
Customer support issue: concern concern question problem question.,Technical Support
Customer support issue: problem concern question concern question.,Billing
Customer support issue: question question problem question concern.,Product Inquiry
Customer support issue: problem problem question problem concern.,Billing
Customer support issue: concern question problem question concern.,Technical Support
Customer support issue: problem concern question problem question.,Technical Support
Customer support issue: concern question concern question concern.,Returns
Customer support issue: problem problem question question problem.,Technical Support
Customer support issue: problem concern problem problem problem.,Product Inquiry
Customer support issue: problem problem concern problem problem.,Returns
Customer support issue: problem question question problem question.,Product Inquiry
Customer support issue: question question concern concern concern.,Billing
Customer support issue: problem concern concern problem problem.,Returns
Customer support issue: problem problem question concern problem.,Billing
Customer support issue: problem concern concern concern concern.,Technical Support
Customer support issue: problem question problem question problem.,Returns
Customer support issue: problem question concern concern problem.,Returns
Customer support issue: problem problem concern question question.,Product Inquiry
Customer support issue: problem question question concern problem.,Billing
Customer support issue: concern problem problem concern question.,Technical Support
Customer support issue: question problem problem question question.,Product Inquiry
Customer support issue: concern problem concern problem question.,Product Inquiry
Customer support issue: question concern concern problem question.,Billing
Customer support issue: problem problem problem concern concern.,Technical Support
Customer support issue: question problem concern concern question.,Billing
Customer support issue: concern question concern problem concern.,Product Inquiry
Customer support issue: problem problem question problem question.,Product Inquiry
Customer support issue: problem question problem question concern.,Billing
Customer support issue: problem question problem problem concern.,Product Inquiry
Customer support issue: problem question concern question problem.,Technical Support
Customer support issue: question concern question problem problem.,Product Inquiry
Customer support issue: question concern concern problem question.,Technical Support
Customer support issue: concern question question concern concern.,Technical Support
Customer support issue: concern problem problem concern problem.,Returns
Customer support issue: problem concern problem concern concern.,Technical Support
Customer support issue: problem concern problem concern concern.,Technical Support
Customer support issue: problem concern question concern concern.,Technical Support
Customer support issue: problem problem problem concern concern.,Product Inquiry
Customer support issue: question question concern concern problem.,Billing
Customer support issue: problem concern problem concern problem.,Billing
Customer support issue: question question concern question concern.,Billing
Customer support issue: question question problem concern problem.,Technical Support
Customer support issue: question problem question problem problem.,Billing
Customer support issue: concern problem problem question question.,Product Inquiry
Customer support issue: question problem question question concern.,Technical Support
Customer support issue: question problem question problem problem.,Returns
Customer support issue: concern question problem question concern.,Returns
Customer support issue: concern concern concern question problem.,Product Inquiry
Customer support issue: problem concern problem problem concern.,Technical Support
Customer support issue: problem problem question concern problem.,Returns
Customer support issue: concern question concern question question.,Technical Support
Customer support issue: question problem concern concern problem.,Returns
Customer support issue: problem concern concern question question.,Billing
Customer support issue: question concern concern concern question.,Returns
Customer support issue: question concern question concern question.,Technical Support
Customer support issue: concern question problem problem question.,Returns
Customer support issue: question problem problem problem problem.,Product Inquiry
Customer support issue: concern problem problem question problem.,Technical Support
Customer support issue: problem question question question problem.,Returns
Customer support issue: question concern concern problem concern.,Returns
Customer support issue: question concern problem question concern.,Returns
Customer support issue: question concern concern concern question.,Product Inquiry
Customer support issue: question problem question concern question.,Technical Support
Customer support issue: concern concern concern question concern.,Billing
Customer support issue: problem question concern problem problem.,Product Inquiry
Customer support issue: problem problem concern question concern.,Returns
Customer support issue: problem problem problem question concern.,Product Inquiry
Customer support issue: problem problem concern problem problem.,Technical Support
Customer support issue: problem problem problem problem concern.,Technical Support
Customer support issue: question problem question question concern.,Billing
Customer support issue: concern problem problem question concern.,Returns
Customer support issue: question concern problem concern question.,Billing
Customer support issue: concern problem concern concern concern.,Billing
Customer support issue: question question question question question.,Returns
Customer support issue: concern problem concern question concern.,Technical Support
Customer support issue: question concern concern problem concern.,Returns
Customer support issue: question concern question problem problem.,Billing
Customer support issue: problem question concern question concern.,Product Inquiry
Customer support issue: problem concern problem problem concern.,Product Inquiry
Customer support issue: problem question concern question question.,Technical Support
Customer support issue: problem concern question concern concern.,Returns
Customer support issue: question problem problem question problem.,Product Inquiry
Customer support issue: question question question concern problem.,Returns
Customer support issue: problem problem problem problem problem.,Technical Support
Customer support issue: problem concern problem question concern.,Product Inquiry
Customer support issue: concern concern problem question problem.,Technical Support
Customer support issue: problem concern question concern problem.,Returns
Customer support issue: problem problem problem question question.,Billing
Customer support issue: problem concern problem problem question.,Billing
Customer support issue: problem concern concern problem problem.,Returns
Customer support issue: question concern problem question question.,Returns
Customer support issue: problem question question question problem.,Billing
Customer support issue: concern problem problem question problem.,Technical Support
Customer support issue: question problem question concern question.,Billing
Customer support issue: problem concern concern question concern.,Product Inquiry
Customer support issue: concern question question concern question.,Technical Support
Customer support issue: question concern concern problem problem.,Product Inquiry
Customer support issue: question concern concern question question.,Product Inquiry
Customer support issue: concern concern question question problem.,Billing
Customer support issue: concern concern question problem problem.,Billing
Customer support issue: concern concern problem problem concern.,Returns
Customer support issue: question question problem concern question.,Returns
Customer support issue: concern question question problem problem.,Technical Support
Customer support issue: problem concern problem concern concern.,Billing
Customer support issue: question problem problem concern question.,Billing
Customer support issue: question question question problem question.,Returns
Customer support issue: question concern problem question concern.,Returns
Customer support issue: concern question problem question concern.,Technical Support
Customer support issue: problem problem question problem concern.,Billing
Customer support issue: question problem concern question concern.,Product Inquiry
Customer support issue: question question question question problem.,Technical Support
Customer support issue: concern question concern concern problem.,Returns
Customer support issue: question concern problem problem concern.,Returns
Customer support issue: concern question question problem concern.,Returns
Customer support issue: question problem problem concern question.,Technical Support
Customer support issue: concern question problem question concern.,Returns
Customer support issue: question question concern concern question.,Billing
Customer support issue: problem concern problem problem concern.,Billing
Customer support issue: question question concern question question.,Technical Support
Customer support issue: problem concern problem question question.,Billing
Customer support issue: concern concern concern question problem.,Returns
Customer support issue: concern problem problem question concern.,Technical Support
Customer support issue: concern question problem question concern.,Returns
Customer support issue: problem problem problem problem problem.,Product Inquiry
Customer support issue: question problem question question concern.,Technical Support
Customer support issue: problem question question concern question.,Technical Support
Customer support issue: problem question question concern concern.,Returns
Customer support issue: concern concern problem question question.,Product Inquiry
Customer support issue: question question problem concern problem.,Returns
Customer support issue: concern problem question question problem.,Product Inquiry
Customer support issue: problem concern question problem concern.,Billing
Customer support issue: concern concern concern concern concern.,Technical Support
Customer support issue: question question question question concern.,Technical Support
Customer support issue: question concern question problem question.,Product Inquiry
Customer support issue: concern problem problem concern problem.,Technical Support
Customer support issue: concern concern question question problem.,Technical Support
Customer support issue: problem concern question concern concern.,Product Inquiry
Customer support issue: concern question problem concern problem.,Returns
Customer support issue: concern concern question concern problem.,Billing
Customer support issue: question concern concern question concern.,Product Inquiry
Customer support issue: problem problem problem concern question.,Technical Support
Customer support issue: question question question concern question.,Billing
Customer support issue: problem concern problem question problem.,Technical Support
Customer support issue: question question concern concern question.,Technical Support
Customer support issue: concern question concern question concern.,Product Inquiry
Customer support issue: problem question question concern concern.,Billing
Customer support issue: concern question concern question problem.,Product Inquiry
Customer support issue: problem problem concern question question.,Billing
Customer support issue: problem question concern concern problem.,Technical Support
Customer support issue: question concern problem concern concern.,Billing
Customer support issue: problem concern concern question concern.,Billing
Customer support issue: question problem problem concern problem.,Product Inquiry
Customer support issue: problem problem problem question problem.,Billing
Customer support issue: question concern question problem question.,Billing
Customer support issue: concern concern question problem question.,Billing
Customer support issue: problem question question concern question.,Returns
Customer support issue: problem problem question problem problem.,Product Inquiry
Customer support issue: question question problem question question.,Billing
Customer support issue: concern question concern concern problem.,Returns
Customer support issue: concern question concern question concern.,Product Inquiry
Customer support issue: question question question problem concern.,Billing
Customer support issue: problem problem question concern question.,Technical Support
Customer support issue: question question question problem problem.,Product Inquiry
Customer support issue: concern concern question concern problem.,Product Inquiry
Customer support issue: question question question problem question.,Technical Support
Customer support issue: concern question question problem problem.,Technical Support
Customer support issue: concern concern concern concern question.,Billing
Customer support issue: question question concern problem problem.,Product Inquiry
Customer support issue: concern question problem problem question.,Billing
Customer support issue: problem question problem concern problem.,Returns
Customer support issue: question problem problem problem concern.,Billing
Customer support issue: concern problem concern problem problem.,Returns
Customer support issue: question question question problem concern.,Billing
Customer support issue: question problem concern question question.,Product Inquiry
Customer support issue: problem question question problem problem.,Technical Support
Customer support issue: concern concern problem problem question.,Returns
Customer support issue: problem question concern question concern.,Product Inquiry
Customer support issue: problem concern problem problem concern.,Product Inquiry
Customer support issue: question question concern question problem.,Billing
Customer support issue: concern problem concern question concern.,Product Inquiry
Customer support issue: problem concern problem question question.,Returns
Customer support issue: concern concern problem concern problem.,Billing
Customer support issue: question problem concern question concern.,Technical Support
Customer support issue: problem problem problem question concern.,Billing
Customer support issue: problem concern question concern concern.,Returns
Customer support issue: concern concern question concern problem.,Product Inquiry
Customer support issue: problem problem question problem problem.,Billing
Customer support issue: question problem question problem question.,Product Inquiry
Customer support issue: problem concern concern question question.,Returns
Customer support issue: question concern concern problem concern.,Technical Support
Customer support issue: problem question problem problem problem.,Product Inquiry
Customer support issue: concern problem question problem concern.,Returns
Customer support issue: question question question concern question.,Product Inquiry
Customer support issue: concern problem question question problem.,Returns
Customer support issue: problem concern question concern concern.,Product Inquiry
Customer support issue: problem question concern problem question.,Returns
Customer support issue: problem concern problem question question.,Product Inquiry
Customer support issue: concern concern concern concern concern.,Billing
Customer support issue: question question question question problem.,Technical Support
Customer support issue: question concern problem concern problem.,Product Inquiry
Customer support issue: concern problem concern concern concern.,Billing
Customer support issue: question concern question question problem.,Technical Support
Customer support issue: concern concern concern problem question.,Returns
Customer support issue: question concern concern question concern.,Returns
Customer support issue: problem problem concern concern concern.,Technical Support
Customer support issue: question concern concern question problem.,Returns
Customer support issue: question question problem problem question.,Product Inquiry
Customer support issue: problem question question concern concern.,Billing
Customer support issue: problem concern problem concern problem.,Returns
Customer support issue: problem concern concern concern concern.,Returns
Customer support issue: problem question problem concern question.,Billing
Customer support issue: problem problem concern question problem.,Billing
Customer support issue: problem concern concern problem concern.,Returns
Customer support issue: question concern problem problem problem.,Returns
Customer support issue: problem problem problem problem question.,Returns
Customer support issue: problem concern question question question.,Technical Support
Customer support issue: concern problem problem question question.,Technical Support
Customer support issue: question problem concern problem question.,Billing
Customer support issue: question question question concern problem.,Billing
Customer support issue: question problem problem question problem.,Product Inquiry
Customer support issue: problem question question question concern.,Returns
Customer support issue: concern question problem problem concern.,Returns
Customer support issue: problem problem concern concern problem.,Product Inquiry
Customer support issue: question concern question problem concern.,Technical Support
Customer support issue: problem concern problem question problem.,Product Inquiry
Customer support issue: question question question concern question.,Technical Support
Customer support issue: question question concern question concern.,Returns
Customer support issue: problem question concern question problem.,Billing
Customer support issue: problem problem question concern problem.,Returns
Customer support issue: question problem concern question concern.,Product Inquiry
Customer support issue: question concern problem concern question.,Technical Support
Customer support issue: concern problem question concern problem.,Billing
Customer support issue: problem question question concern problem.,Technical Support
Customer support issue: concern concern question concern question.,Product Inquiry
Customer support issue: question question problem problem concern.,Returns
Customer support issue: question concern problem concern concern.,Technical Support
Customer support issue: concern problem concern question problem.,Billing
Customer support issue: question concern question problem concern.,Product Inquiry
Customer support issue: concern concern question problem problem.,Technical Support
Customer support issue: concern concern question concern question.,Billing
Customer support issue: concern concern problem question question.,Product Inquiry
Customer support issue: question concern problem concern problem.,Returns
Customer support issue: concern concern question concern concern.,Billing
Customer support issue: problem problem problem question question.,Technical Support
Customer support issue: concern concern question problem concern.,Returns
Customer support issue: question concern concern question problem.,Technical Support
Customer support issue: problem concern question concern concern.,Billing
Customer support issue: problem question question problem problem.,Billing
Customer support issue: question problem concern problem question.,Product Inquiry
Customer support issue: concern question concern problem problem.,Product Inquiry
Customer support issue: question concern question question question.,Product Inquiry
Customer support issue: question problem problem concern question.,Returns
Customer support issue: problem problem question question problem.,Technical Support
Customer support issue: problem concern concern concern concern.,Technical Support
Customer support issue: concern question problem problem problem.,Returns
Customer support issue: problem problem problem question question.,Technical Support
Customer support issue: concern concern concern concern concern.,Technical Support
Customer support issue: concern question question question problem.,Billing
Customer support issue: problem question question problem question.,Billing
Customer support issue: problem question concern question question.,Billing
Customer support issue: concern question concern concern concern.,Product Inquiry
Customer support issue: problem problem question question problem.,Returns
Customer support issue: question concern problem concern concern.,Billing
Customer support issue: problem problem question concern question.,Product Inquiry
Customer support issue: concern problem question question problem.,Technical Support
Customer support issue: concern concern question problem concern.,Technical Support
Customer support issue: problem question problem concern concern.,Product Inquiry
Customer support issue: question question question question question.,Returns
Customer support issue: concern question concern concern question.,Billing
Customer support issue: question problem question concern question.,Technical Support
Customer support issue: concern question problem question question.,Returns
Customer support issue: problem concern problem concern problem.,Billing
Customer support issue: question question question problem question.,Returns
Customer support issue: concern concern problem problem problem.,Product Inquiry
Customer support issue: concern question question concern question.,Product Inquiry
Customer support issue: question concern concern concern concern.,Product Inquiry
Customer support issue: question problem problem question problem.,Product Inquiry
Customer support issue: concern concern concern question question.,Product Inquiry
Customer support issue: problem question question concern question.,Product Inquiry
Customer support issue: concern concern problem problem concern.,Product Inquiry
Customer support issue: concern question concern problem concern.,Product Inquiry
Customer support issue: concern concern problem question question.,Technical Support
Customer support issue: problem concern problem problem problem.,Product Inquiry
Customer support issue: concern problem concern problem question.,Technical Support
Customer support issue: question concern concern question problem.,Product Inquiry
Customer support issue: problem question concern problem question.,Billing
Customer support issue: concern problem concern problem concern.,Returns
Customer support issue: concern problem concern concern problem.,Billing
Customer support issue: problem question problem concern problem.,Returns
Customer support issue: concern problem question problem concern.,Product Inquiry
Customer support issue: problem question problem problem concern.,Product Inquiry
Customer support issue: question concern problem concern concern.,Returns
Customer support issue: question problem concern problem problem.,Product Inquiry
Customer support issue: concern problem question question problem.,Product Inquiry
Customer support issue: problem concern problem question concern.,Billing
Customer support issue: concern question problem concern concern.,Product Inquiry
Customer support issue: concern question concern question problem.,Technical Support
Customer support issue: question question concern question concern.,Returns
Customer support issue: concern concern concern concern concern.,Billing
Customer support issue: question question question concern problem.,Technical Support
Customer support issue: question problem problem question problem.,Technical Support
Customer support issue: concern question concern question problem.,Technical Support
Customer support issue: question question problem question concern.,Billing
Customer support issue: question concern concern question problem.,Product Inquiry
Customer support issue: concern question problem concern concern.,Returns
Customer support issue: problem question concern concern concern.,Returns
Customer support issue: question concern question concern question.,Billing
Customer support issue: concern question question question question.,Technical Support
Customer support issue: concern question problem concern concern.,Billing
Customer support issue: concern question concern question question.,Technical Support
Customer support issue: problem question problem concern concern.,Billing
Customer support issue: problem question question concern concern.,Technical Support
Customer support issue: problem problem problem question concern.,Billing
Customer support issue: problem problem question question concern.,Billing
Customer support issue: problem concern problem concern question.,Product Inquiry
Customer support issue: problem concern concern question question.,Product Inquiry
Customer support issue: problem concern concern concern question.,Returns
Customer support issue: question problem question question question.,Product Inquiry
Customer support issue: concern question problem problem question.,Technical Support
Customer support issue: concern problem concern concern concern.,Returns
Customer support issue: concern question problem problem problem.,Billing
Customer support issue: concern concern problem concern problem.,Product Inquiry
Customer support issue: question question problem problem concern.,Technical Support
Customer support issue: question concern problem concern problem.,Technical Support
Customer support issue: concern problem concern question problem.,Technical Support
Customer support issue: question problem problem problem question.,Product Inquiry
Customer support issue: problem question concern question concern.,Returns
Customer support issue: concern problem problem problem problem.,Technical Support
Customer support issue: concern problem question question concern.,Product Inquiry
Customer support issue: problem problem question concern question.,Product Inquiry
Customer support issue: problem concern concern question question.,Technical Support
Customer support issue: concern question problem question problem.,Billing
Customer support issue: question concern problem concern problem.,Billing
Customer support issue: question concern problem concern problem.,Returns
Customer support issue: question question concern question question.,Returns
Customer support issue: problem question question problem concern.,Product Inquiry
Customer support issue: problem concern concern concern concern.,Billing
Customer support issue: concern question problem question problem.,Product Inquiry
Customer support issue: problem question question question question.,Technical Support
Customer support issue: problem concern problem concern question.,Billing
Customer support issue: problem question question problem problem.,Technical Support
Customer support issue: problem concern question problem concern.,Billing
Customer support issue: concern concern problem concern concern.,Returns
Customer support issue: problem concern concern problem question.,Billing
Customer support issue: problem concern problem problem problem.,Returns
Customer support issue: concern problem question question concern.,Product Inquiry
Customer support issue: question concern concern concern problem.,Product Inquiry
Customer support issue: problem question concern question concern.,Returns
Customer support issue: concern problem question concern question.,Technical Support
Customer support issue: question concern question concern question.,Billing
Customer support issue: concern problem problem problem problem.,Returns
Customer support issue: concern question concern problem problem.,Billing
Customer support issue: concern question concern problem problem.,Returns
Customer support issue: question question question problem question.,Billing
Customer support issue: question concern concern problem question.,Billing
Customer support issue: concern question concern problem question.,Returns
Customer support issue: problem problem problem problem problem.,Product Inquiry
Customer support issue: question question problem problem problem.,Returns
Customer support issue: question problem problem problem concern.,Product Inquiry
Customer support issue: concern question concern question question.,Technical Support
Customer support issue: problem question concern question problem.,Returns
Customer support issue: concern problem concern question question.,Technical Support
Customer support issue: problem problem concern question concern.,Technical Support
Customer support issue: question question concern question concern.,Returns
Customer support issue: concern problem concern concern problem.,Returns
Customer support issue: concern problem problem problem problem.,Returns
Customer support issue: concern problem concern question question.,Returns
Customer support issue: question concern question concern question.,Billing
Customer support issue: problem problem question problem question.,Returns
Customer support issue: concern problem concern problem problem.,Technical Support
Customer support issue: question question question question question.,Returns
Customer support issue: question concern concern problem concern.,Returns
Customer support issue: problem question concern problem concern.,Technical Support
Customer support issue: question question concern question question.,Billing
Customer support issue: question concern problem problem concern.,Billing
Customer support issue: problem question problem concern concern.,Technical Support
Customer support issue: question question problem question question.,Returns
Customer support issue: question problem question question concern.,Technical Support
Customer support issue: question question problem problem problem.,Billing
Customer support issue: question concern question question problem.,Billing
Customer support issue: problem concern question question question.,Returns
Customer support issue: question question concern question concern.,Product Inquiry
Customer support issue: concern question concern problem problem.,Billing
Customer support issue: problem concern question question problem.,Returns
Customer support issue: question question question concern concern.,Technical Support
Customer support issue: question question problem problem question.,Billing
Customer support issue: concern concern question problem question.,Returns
Customer support issue: question question concern question problem.,Billing
Customer support issue: concern problem problem problem problem.,Returns
Customer support issue: question concern question question question.,Product Inquiry
Customer support issue: concern concern question concern problem.,Returns
Customer support issue: question concern problem concern concern.,Product Inquiry
Customer support issue: concern problem problem concern problem.,Billing
Customer support issue: concern problem concern question question.,Returns
Customer support issue: problem problem problem problem problem.,Product Inquiry
Customer support issue: question question problem concern problem.,Product Inquiry
Customer support issue: concern question concern concern problem.,Returns
Customer support issue: concern concern concern problem concern.,Technical Support
Customer support issue: problem problem problem concern question.,Technical Support
Customer support issue: question problem question question question.,Billing
Customer support issue: question concern concern concern question.,Returns
Customer support issue: problem problem concern concern concern.,Returns
Customer support issue: question concern concern concern question.,Returns
Customer support issue: concern question problem problem question.,Technical Support
Customer support issue: question question question concern problem.,Billing
Customer support issue: question concern problem concern problem.,Returns
Customer support issue: problem concern problem concern problem.,Product Inquiry
Customer support issue: problem concern problem question problem.,Product Inquiry
Customer support issue: question question problem question concern.,Technical Support
Customer support issue: question problem problem problem problem.,Technical Support
Customer support issue: question question problem question problem.,Returns
Customer support issue: concern question problem problem concern.,Billing
Customer support issue: problem concern problem concern concern.,Technical Support
Customer support issue: question concern problem question question.,Technical Support
Customer support issue: question concern question problem question.,Returns
Customer support issue: concern problem problem concern question.,Returns
Customer support issue: question question concern problem question.,Technical Support
Customer support issue: question question question concern concern.,Product Inquiry
Customer support issue: problem question problem question question.,Technical Support
Customer support issue: question problem question question question.,Billing
Customer support issue: concern concern problem concern question.,Product Inquiry
Customer support issue: question problem question concern problem.,Billing
Customer support issue: problem problem concern concern question.,Product Inquiry
Customer support issue: question question question concern problem.,Technical Support
Customer support issue: problem problem question problem concern.,Product Inquiry
Customer support issue: question question concern concern problem.,Returns
Customer support issue: concern concern problem problem question.,Returns
Customer support issue: question problem question question problem.,Billing
Customer support issue: concern concern problem concern question.,Product Inquiry
Customer support issue: problem problem concern problem concern.,Billing
Customer support issue: question question question problem concern.,Billing
Customer support issue: question question problem concern problem.,Technical Support
Customer support issue: problem problem question concern problem.,Billing
Customer support issue: problem concern problem question question.,Technical Support
Customer support issue: problem concern problem concern concern.,Returns
Customer support issue: problem problem concern problem concern.,Product Inquiry
Customer support issue: problem concern problem problem question.,Billing
Customer support issue: concern problem question problem concern.,Product Inquiry
Customer support issue: problem question question problem concern.,Technical Support
Customer support issue: question question question concern problem.,Technical Support
Customer support issue: problem concern problem question question.,Billing
Customer support issue: concern problem question concern concern.,Billing
Customer support issue: problem concern question concern concern.,Technical Support
Customer support issue: concern problem concern concern question.,Product Inquiry
Customer support issue: question concern question question question.,Returns
Customer support issue: problem question question concern problem.,Product Inquiry
Customer support issue: concern concern question concern problem.,Returns
Customer support issue: problem problem problem concern question.,Technical Support
Customer support issue: problem question problem problem question.,Technical Support
Customer support issue: question question concern problem concern.,Product Inquiry
Customer support issue: concern concern problem concern problem.,Billing
Customer support issue: concern concern question problem problem.,Technical Support
Customer support issue: problem question question concern problem.,Returns
Customer support issue: problem concern problem problem concern.,Technical Support
Customer support issue: problem concern question question question.,Product Inquiry
Customer support issue: concern problem concern problem question.,Technical Support
Customer support issue: problem concern concern problem concern.,Billing
Customer support issue: problem question concern question problem.,Returns
Customer support issue: problem problem problem problem concern.,Billing
Customer support issue: question question question question concern.,Returns
Customer support issue: problem problem problem problem concern.,Technical Support
Customer support issue: question concern concern concern concern.,Product Inquiry
Customer support issue: question concern question question problem.,Product Inquiry
Customer support issue: problem problem problem concern concern.,Billing
Customer support issue: concern question question question problem.,Technical Support
Customer support issue: problem question problem concern concern.,Billing
Customer support issue: concern concern question concern question.,Technical Support
Customer support issue: problem question concern concern concern.,Billing
Customer support issue: concern question question problem concern.,Returns
Customer support issue: question problem problem problem question.,Billing
Customer support issue: question problem concern problem problem.,Technical Support
Customer support issue: concern concern problem problem question.,Technical Support
Customer support issue: concern concern concern concern question.,Returns
Customer support issue: question question problem concern concern.,Returns
Customer support issue: concern concern question problem concern.,Product Inquiry
Customer support issue: problem question problem problem concern.,Technical Support
Customer support issue: problem problem concern question concern.,Billing
Customer support issue: problem problem concern question question.,Billing
Customer support issue: concern problem concern problem concern.,Technical Support
Customer support issue: question concern concern concern concern.,Product Inquiry
Customer support issue: question problem problem problem problem.,Billing
Customer support issue: concern problem question question problem.,Returns
