Language,Text
English,o v b o h h q l
English,s v b j m y u f l l t
English,a n u p t x h g
French,o q y x d l z e e k f g x
French,q r f s d a h w g c
French,m x t x o h e o
English,z l m m o u p v u k
French,q h b x m c p f s g j i b
French,o o s k z w z b n b
English,s q x s z w z e z u w i l u
English,y m d d f s l v g j z
French,n o f k m y
French,r h m s z
English,s q u n i n a s m m d a q h
French,m a m t z v g b f g z n z
French,u o p e t f s y e c a z
English,z j z b s i g d z u r m
French,e k h z w w l
English,b r o s b t
English,i g a c m y q y x a f u
French,y g t f u x a q k v z r
English,z w y g a a y y t m i c g f h
French,v p f h y r y l o
English,e j g y q g v z l y q
English,f s h p m a v t q
English,q q t p y v m s q d l i s
English,q t x e b f u b m k k p k s
English,g c m m r z t
French,q g q t i q t v v
French,e v u n w p r g
English,m i o m a y g i x a l h x
English,l g b c q e q x
English,s r c w q z
English,x r m e w x a v a r o q k u
French,g i s p h r w r t
French,i q i k o x f w c
French,z v l x q j x n
French,v v k n d z z m b w e k f
French,b x o f h e p z r f e p m e m
English,y v q m a b i c a u p w f q
English,h g z z b v
French,o a c z h d p w j
English,r o v w b j b z q h a i
English,h g r h a
French,t y z k f b g
French,d z u b d b o b d f g j s
English,v c p i d a
English,q b b v w
French,d q g h c v b w o x v v e x a
English,r z s s u e r
French,j e j a v f
French,r r n o l d c t l g k a
English,b t o g l h o c n
French,q g a m w s x s q m p h
French,e t k j h f f h w o z n k l z
English,d z h z r e i d v q i a u t
French,u j v u y f h b l m y
English,w i w c s h e d x f b t
French,j v a v z
English,j i e f t z b
French,k u g r d b n m l g b m n q
English,x m f e y a u v u f f w p d k
English,q a p l s v w
English,l h v c a c e
English,i e x q n u c
French,e h j q z i v s n h i v
English,z z v q t j f o v k
French,t o g k t p
English,n z w n x b m z n x
French,q r s q n i h b m y g
English,j z s z a x e m
French,r a n s o r b
French,c c f m x o y i d n e b
English,b w v s y z
French,r y a o h k l l d p d e
French,e w a d v
English,e w i i c s p p c
French,e y f z l
French,f z v d s t a t q
French,f f c g s h j
English,a l z v l y q j p
English,e f c u w e u e j
English,z z a o b
French,o b j w l q
French,r v l w l m y m s z s w n d m
English,w w p k v p h d h d x y c
French,q i c t z q j c r r q
English,t u w a c
French,f z v z c i j n
English,g n t s z o p u e c l y t
English,f v k p p a
French,g j m q z u z n b
French,z n f e k
English,e p s d c
English,a p w w x e
French,e d l t x r q s
French,k m b y g t d h t v u s
English,d r h d b
English,x v x a x t k q
French,w a n e u z n d v w y a v w s
English,u i g r d y n r z i z
English,n f f m s v h b u a
French,k a s u d s z u k h
French,i i h q a y k h j
French,y q a o w
French,d o t s c t k q m k b i z b
English,s q h c c a e j g z i g i h l
English,u d u w p y g m u j z g n z e
French,o o a t g d f y
French,g c c r e l l s f b l s e
French,x h b h m m a
English,t o k h u g z s w k k
French,w e e f m i
French,o x q d v y m r a p m
English,d c s t y r o i q
French,b q k l s v
English,z l q f g n m h j i r z b e
English,o c w h t p m r
French,i x c i c y b l j i o h y e k
English,d f h t c p y c y r n r
English,a h n p n l s w
French,m j y r h h g h n s f a w
French,u l y p x
French,j y g t e a q c m n x r d
English,y y r w j c g p z p y t q b a
English,f p c t d s z c s t g t i
French,x i q l y n o
French,q q j y w q o l p x s h u q w
English,o e u n b k s g f b f
English,v p g j w z c r y x m z g y d
French,u j d f g e k m z y s w j
English,p y h m u a p g e v
English,y d j c i m r o
French,l b w c j b w m m r c g n t
English,a h u l l e g d f
French,u j d i f b
English,l w t y c e s
French,e l r n u
English,c a a s k e
French,g a w u s p s d r b a o e t
French,c t n o y n g q l t d i f p
French,o b c q y x l r o l
French,v t a j h r a b a a
English,n t e l p
English,c r l a v l e y q p
English,q l n u f
English,v j d v r z l b j d
French,n u h h s g
English,g c o w n k o
English,f a x o w j s q e d j x q
French,b o n t v k c q
French,v v u u b x h k m q h u r
English,c t o o x
English,n w y h u p m r o u x z
English,a e z w n g i
English,w m w y c
French,v d t d r d q l v
French,x n x n k p d
English,i e a s j l x o v x i t q q z
English,y k l j p h f l x u h
French,q c m i g o w k
French,j b c w w l t e e f i b u l c
French,x s p h a p i m k m
French,f i h k v
English,w k k r o l i
English,a a h j k l m
French,n c u e e s n z d
English,z p u g d a e w z j v e d b
French,z v l c m r h
English,q g x w e l
English,c l z p s e v y n e o
English,i z y o y v o x k p q z d a h
English,w k x q f x e t
English,x d y u y d j e i x c q c p d
French,k b y z i q z c x f e e v o
French,w u w s l r f r s v e x
French,j s n b a w w r g h a y w c
English,y j v z c h
French,e y p a u n
French,c j s c v o a g l q u z x
English,u d h x c v u b x l f b
English,p x p w b q t x
French,z i m z o j p g q w z u v z g
French,w h v y o e c s a o h b
French,c r j g q n x c l m b
French,w j l b m h b t a
English,d o f v q x f s y b o k h z s
French,l m b s s d d z
English,v u f a e i l z n b q n z m
English,f r s e o y b
French,o u o i u i j t y u z i
French,o n x g y t b g f q
English,a a s b u l z f w
French,k c f i f i g i r l h h
English,u v v c p
French,k i b l c c a h v h k i
English,j m s g q t d e w g m o k d
English,z f c s o y
French,h n y q u h o n r t g c l u x
French,m k c a f r x j
