text,sentiment
like good good like neutral bad bad bad like good like,neutral
terrible good terrible awesome good good good bad,positive
terrible terrible good terrible bad like like like terrible awesome bad awesome,neutral
neutral hate hate good hate hate bad like awesome,negative
neutral bad bad hate neutral good good awesome good neutral hate,negative
terrible neutral hate good like awesome terrible good awesome good terrible neutral hate like,neutral
hate neutral terrible bad like good good,neutral
bad hate neutral good hate bad hate good awesome neutral awesome,neutral
hate neutral bad neutral neutral bad like neutral like like like good,neutral
like bad terrible like bad bad awesome awesome neutral,neutral
like terrible bad like neutral hate hate hate,positive
bad hate good hate neutral awesome neutral good bad terrible like neutral,positive
like awesome awesome like awesome bad neutral bad bad like terrible terrible,negative
like terrible awesome terrible awesome neutral bad,positive
terrible awesome good hate good hate good bad like bad,neutral
awesome terrible good awesome awesome terrible awesome terrible neutral,neutral
hate good like like good like,neutral
hate neutral hate like neutral good neutral awesome bad awesome good like,neutral
neutral terrible hate bad terrible good hate like neutral hate,neutral
terrible terrible bad bad neutral hate,positive
terrible hate terrible good terrible neutral awesome good good,negative
hate hate neutral bad good,positive
terrible good good like awesome hate good hate terrible hate bad bad like awesome,neutral
bad neutral terrible hate terrible awesome bad terrible hate like,neutral
bad like neutral awesome like like neutral awesome terrible awesome good bad bad,positive
neutral good terrible terrible bad,neutral
bad good good like like good bad good good hate neutral good terrible bad,negative
like awesome bad terrible bad like terrible,neutral
awesome bad hate awesome hate awesome bad good good like awesome,negative
awesome awesome awesome hate like good like like,neutral
good good awesome like neutral hate hate good bad bad bad terrible awesome,positive
awesome bad neutral awesome bad hate good,negative
hate hate hate terrible good good like terrible hate,positive
good hate hate bad bad awesome awesome,negative
bad hate awesome good bad awesome good awesome neutral hate hate,negative
neutral awesome like like hate terrible like like awesome,positive
bad neutral bad good terrible like terrible good like neutral good good terrible,negative
terrible hate terrible bad good terrible good hate bad good terrible,positive
like hate bad awesome good terrible,positive
terrible terrible good terrible good awesome like terrible,neutral
terrible neutral neutral bad like like neutral bad neutral awesome bad like like,negative
awesome neutral hate good good awesome,neutral
terrible good good terrible bad terrible neutral bad neutral good bad neutral neutral bad,negative
hate terrible like neutral terrible hate like terrible good like hate terrible neutral,neutral
good bad neutral good good like terrible bad neutral neutral terrible bad like neutral,positive
like like hate neutral terrible awesome neutral hate good,positive
like awesome hate neutral good good,negative
hate bad like neutral bad like awesome terrible,neutral
awesome terrible good good good like bad terrible good hate neutral,neutral
terrible bad awesome bad good neutral neutral hate hate good neutral bad,neutral
bad like good neutral hate terrible hate,negative
terrible like bad bad hate,positive
hate hate bad awesome good bad like neutral,negative
hate like hate like hate bad,negative
bad hate like good awesome hate good hate awesome bad bad hate,negative
neutral neutral hate hate hate bad bad good,neutral
bad awesome neutral neutral hate good,negative
neutral like terrible awesome like hate terrible neutral good good,negative
bad terrible neutral good good terrible awesome neutral like hate,negative
awesome terrible terrible good awesome terrible bad neutral good like awesome good terrible hate,neutral
like like like like like bad neutral awesome,positive
like neutral terrible neutral like hate good like neutral terrible,negative
like awesome neutral awesome like neutral,neutral
bad bad awesome like awesome like like bad terrible terrible neutral awesome terrible hate,positive
neutral neutral bad awesome hate terrible,neutral
like neutral awesome awesome awesome like bad terrible awesome hate hate like bad like,positive
neutral terrible like like terrible neutral good hate,positive
like neutral bad hate bad bad good good bad awesome terrible hate,positive
awesome awesome like terrible bad like like awesome awesome awesome bad,positive
like like good hate hate hate good hate awesome bad bad hate like,neutral
awesome good terrible bad hate good awesome bad hate awesome like terrible,neutral
terrible neutral hate awesome terrible hate like terrible awesome,neutral
awesome bad like hate awesome awesome,negative
hate bad hate like neutral hate hate terrible awesome,neutral
bad neutral awesome good like neutral bad neutral neutral neutral terrible good,positive
bad bad awesome like bad like bad good awesome awesome neutral terrible awesome awesome,positive
bad hate awesome awesome hate terrible like good hate hate terrible awesome awesome,positive
neutral neutral hate awesome hate hate awesome terrible like like terrible hate terrible,positive
awesome bad neutral awesome awesome,positive
awesome neutral like like hate awesome like bad hate awesome bad terrible terrible,positive
awesome terrible terrible like good good like awesome bad hate awesome,positive
good neutral awesome neutral bad awesome neutral neutral hate awesome neutral hate hate,negative
neutral hate good awesome good like terrible good neutral bad like good,neutral
good hate good bad bad,positive
terrible bad bad bad awesome like good terrible bad awesome like neutral,negative
bad terrible terrible like like good hate hate bad neutral good terrible,positive
neutral terrible like awesome awesome like bad,positive
terrible like hate like bad,positive
like hate neutral hate like terrible hate good hate terrible hate good,negative
terrible awesome like neutral good terrible like,negative
good hate awesome hate awesome good awesome,negative
like hate awesome like bad,negative
bad like terrible like neutral terrible hate terrible hate,negative
awesome awesome hate like terrible neutral neutral hate bad hate good neutral awesome bad,negative
terrible terrible like awesome neutral good awesome hate neutral bad awesome,positive
neutral hate neutral neutral neutral terrible like neutral terrible good terrible bad good bad,neutral
awesome awesome terrible hate bad like awesome like like awesome awesome hate good,positive
neutral bad awesome like bad neutral like terrible neutral awesome terrible,neutral
neutral awesome like terrible neutral neutral like awesome neutral neutral neutral bad good,neutral
bad neutral good like terrible hate like bad bad bad like awesome,negative
like terrible hate terrible terrible neutral,positive
hate bad neutral bad neutral,positive
neutral good like terrible bad neutral good good terrible neutral like,positive
like hate hate awesome good hate good terrible neutral awesome awesome,negative
neutral bad good neutral hate awesome good hate good awesome awesome good,neutral
like like good bad bad hate terrible neutral good,positive
good terrible hate awesome terrible terrible hate,neutral
bad hate terrible awesome awesome awesome neutral hate terrible awesome neutral terrible,neutral
good terrible like good hate bad like bad neutral like,positive
bad bad bad terrible good bad good,negative
awesome like terrible awesome neutral,positive
bad neutral like neutral like hate awesome,positive
like bad neutral hate hate like terrible like hate,positive
awesome good terrible bad like bad neutral,positive
good good bad hate neutral,neutral
like hate terrible neutral awesome good awesome like neutral,neutral
awesome neutral terrible terrible awesome awesome good terrible good awesome like neutral terrible neutral,positive
good bad like hate hate terrible terrible good hate like hate,negative
terrible good hate hate bad awesome terrible like awesome neutral bad,neutral
awesome like hate awesome good awesome neutral awesome neutral neutral like good hate,positive
neutral awesome like awesome neutral like awesome hate hate terrible good awesome good neutral,negative
neutral good hate awesome hate terrible hate good like hate terrible awesome awesome good,positive
terrible neutral terrible hate awesome like awesome,positive
bad neutral terrible bad neutral awesome like awesome good good like,neutral
hate bad like bad neutral,neutral
good terrible awesome good bad hate good awesome,positive
like hate bad awesome like neutral terrible like,negative
awesome hate awesome awesome bad awesome terrible bad awesome,positive
terrible terrible like bad hate good neutral hate hate hate awesome,negative
hate terrible neutral hate good neutral like neutral hate terrible terrible,neutral
awesome hate bad awesome terrible awesome neutral neutral,neutral
hate terrible awesome awesome neutral hate bad like bad terrible awesome,positive
hate hate awesome good neutral like awesome,neutral
hate awesome awesome like hate hate like bad awesome good,positive
terrible terrible neutral hate good hate,negative
good terrible awesome good like bad awesome hate like bad good awesome hate neutral,negative
terrible like awesome like good hate neutral hate like hate terrible awesome neutral,neutral
like hate awesome hate terrible good terrible good bad,neutral
like neutral bad like good awesome good hate like like,positive
awesome bad like neutral good good neutral hate,positive
neutral neutral neutral awesome bad bad terrible awesome terrible like hate bad bad bad,positive
terrible hate awesome terrible like bad awesome terrible bad bad awesome,neutral
neutral awesome neutral like good hate awesome neutral like terrible bad good awesome,negative
terrible neutral like awesome like neutral awesome hate neutral bad awesome,negative
good bad awesome terrible neutral,neutral
neutral like neutral good hate,neutral
awesome neutral good terrible hate like hate like good terrible like awesome hate,negative
hate hate bad terrible hate neutral bad like bad terrible neutral like hate,neutral
hate like like hate bad like good like,neutral
good neutral hate awesome good terrible neutral like bad good neutral neutral like,negative
bad bad bad hate terrible neutral terrible,neutral
neutral hate bad neutral hate awesome hate neutral like hate neutral,positive
awesome good bad hate bad hate like like like awesome,neutral
neutral good hate awesome good neutral terrible good awesome neutral like like,neutral
neutral terrible awesome hate like neutral good like bad awesome good terrible terrible,negative
terrible bad like good like hate awesome like neutral,neutral
awesome good bad good good,negative
awesome good good bad terrible bad awesome,negative
neutral like like like terrible awesome terrible like like bad awesome like good hate,negative
terrible awesome neutral good like neutral bad awesome awesome bad hate neutral,positive
like neutral terrible like neutral good awesome neutral bad good,negative
good like bad like like terrible good good hate neutral bad bad,neutral
bad good hate hate terrible bad terrible bad hate hate bad neutral hate,positive
hate terrible good neutral hate bad bad terrible,negative
hate bad good like hate,positive
bad good neutral hate hate,positive
terrible neutral good bad neutral good bad like awesome terrible good like good awesome,negative
hate neutral terrible terrible good awesome terrible bad,neutral
good like hate hate like terrible neutral awesome like good good,negative
hate awesome awesome like good awesome,neutral
awesome good good neutral terrible bad good,positive
neutral terrible like terrible terrible,neutral
neutral awesome terrible terrible neutral awesome terrible terrible awesome,positive
hate like good hate like,neutral
hate terrible like hate bad awesome awesome bad awesome neutral hate awesome,negative
awesome like good neutral awesome,negative
like neutral neutral bad like,negative
good good hate good good awesome,positive
like like neutral hate bad terrible,positive
terrible terrible terrible neutral like good awesome neutral hate like,negative
hate like good neutral terrible neutral neutral good terrible terrible bad,positive
like awesome bad hate good neutral hate terrible neutral,positive
hate neutral terrible bad hate,negative
hate terrible hate hate terrible,neutral
like like terrible good terrible like hate,neutral
neutral good bad neutral like hate,negative
neutral neutral good bad hate bad terrible like awesome,positive
bad like like good good like terrible bad awesome awesome awesome neutral bad neutral,negative
like neutral hate terrible terrible good good bad bad hate,neutral
good like good neutral awesome like awesome awesome terrible awesome awesome,negative
bad hate terrible good neutral awesome good neutral,neutral
like terrible awesome terrible like neutral good bad awesome terrible good,positive
bad neutral bad hate bad hate neutral neutral neutral good good awesome,neutral
awesome bad bad awesome terrible,neutral
bad terrible terrible hate like hate neutral good awesome hate,neutral
good awesome good awesome good hate neutral terrible awesome terrible awesome like,neutral
awesome neutral good awesome good neutral bad hate terrible,negative
hate like neutral good awesome hate good bad,negative
terrible awesome terrible good awesome hate,negative
like neutral bad neutral hate bad good terrible like good,neutral
terrible bad hate neutral neutral like hate like hate bad,positive
good bad neutral bad bad,neutral
bad hate hate like good bad hate like awesome awesome hate terrible hate,neutral
awesome like terrible like like terrible neutral hate like neutral,positive
awesome good awesome awesome like neutral hate,negative
terrible good neutral terrible good neutral awesome awesome,positive
good neutral hate neutral good like hate hate,positive
terrible terrible terrible awesome awesome terrible terrible,neutral
good awesome hate terrible like bad neutral terrible awesome terrible bad good awesome good,negative
like good terrible like bad good bad,neutral
awesome awesome terrible terrible terrible bad neutral,negative
neutral awesome awesome hate neutral like terrible good,neutral
like neutral good neutral good terrible like awesome neutral neutral like,neutral
terrible hate bad neutral good terrible like bad,negative
neutral like like like awesome bad terrible like good neutral terrible awesome like,negative
hate bad like like hate,neutral
like terrible good like like awesome terrible neutral good neutral neutral bad,positive
neutral hate awesome bad bad bad bad good neutral hate hate,positive
terrible hate terrible hate like terrible,positive
like neutral hate terrible bad terrible awesome bad bad bad hate like,neutral
hate bad like awesome good,negative
neutral like like bad awesome terrible neutral hate like hate awesome bad terrible,positive
neutral hate hate awesome hate bad neutral like terrible awesome awesome hate neutral,negative
terrible terrible awesome bad hate bad,neutral
bad hate neutral good like awesome hate neutral terrible good like,neutral
hate good neutral good hate bad neutral awesome terrible bad hate awesome good bad,negative
neutral good awesome good awesome terrible neutral,positive
awesome good neutral bad good neutral good hate like like neutral,positive
bad good neutral hate awesome like hate bad hate like awesome awesome terrible good,positive
good neutral bad hate bad terrible like terrible terrible awesome good hate neutral,positive
neutral good good bad awesome like hate terrible,negative
good good hate awesome terrible,neutral
good like terrible terrible bad like,positive
neutral awesome good terrible neutral,positive
terrible awesome bad like like good terrible neutral good,neutral
terrible terrible hate terrible terrible good awesome hate awesome,positive
like awesome neutral neutral like good neutral hate good neutral bad,neutral
like like good hate terrible like hate neutral bad good neutral terrible neutral,neutral
bad hate hate like awesome like awesome like bad hate bad good like,negative
good neutral bad good hate bad good,negative
neutral terrible awesome hate terrible awesome neutral,positive
hate like bad neutral neutral hate hate,positive
hate like neutral neutral good hate neutral awesome,negative
like awesome awesome neutral bad awesome like awesome neutral hate terrible neutral,positive
like awesome good awesome terrible hate bad terrible neutral neutral,positive
good neutral like neutral neutral awesome terrible like awesome bad like awesome,negative
awesome good like hate neutral,neutral
awesome neutral like hate good good like like awesome neutral terrible hate,neutral
like bad good bad hate terrible like hate,negative
good bad good bad hate,neutral
neutral neutral awesome terrible good terrible bad like awesome neutral neutral awesome,positive
terrible bad terrible neutral awesome neutral like neutral,positive
good good like bad awesome terrible awesome terrible good neutral,negative
like awesome bad terrible neutral like awesome bad good bad hate good,negative
bad like awesome good hate like hate neutral,neutral
neutral like good terrible terrible neutral neutral,positive
like like like like bad hate neutral terrible bad good bad hate bad,positive
hate awesome good neutral terrible terrible neutral,negative
hate terrible bad terrible good good neutral awesome like like awesome terrible awesome,negative
hate terrible good bad neutral like,positive
awesome awesome like terrible neutral bad,neutral
like terrible bad hate bad awesome,neutral
hate good hate good terrible bad neutral bad bad neutral,neutral
bad neutral terrible neutral hate good neutral,positive
like terrible neutral bad like neutral terrible terrible good terrible like bad terrible,neutral
bad bad like terrible like terrible neutral hate,neutral
good hate hate good good,positive
like hate terrible neutral like bad hate terrible,negative
terrible like good awesome like,neutral
neutral like neutral awesome bad hate hate like awesome,negative
awesome good like good bad awesome awesome awesome,negative
bad neutral terrible bad neutral hate like neutral like hate neutral awesome,positive
hate neutral terrible terrible good neutral bad awesome good neutral awesome bad,positive
good good neutral awesome hate terrible awesome bad hate bad hate,negative
terrible like neutral bad hate bad awesome,neutral
awesome awesome neutral awesome good,positive
awesome terrible awesome bad bad,neutral
neutral good good neutral awesome terrible hate,neutral
like awesome neutral terrible good hate good awesome bad neutral,neutral
neutral hate awesome neutral good awesome good terrible terrible bad neutral,neutral
neutral good awesome terrible awesome hate terrible neutral hate terrible,neutral
terrible good bad good awesome neutral hate neutral terrible neutral,positive
bad terrible terrible awesome terrible good good good bad like,negative
hate awesome terrible awesome bad terrible terrible,positive
neutral terrible neutral bad awesome terrible like hate neutral terrible,negative
terrible hate terrible terrible awesome like terrible neutral awesome hate good neutral,negative
like good awesome terrible neutral hate,neutral
hate like like good terrible awesome neutral like hate,neutral
terrible bad like good terrible,negative
bad terrible like like terrible,negative
bad hate like bad good terrible like good bad,positive
awesome neutral awesome bad awesome like bad,negative
terrible hate terrible awesome hate hate like like,positive
like bad terrible bad terrible neutral like,negative
terrible awesome neutral bad awesome,neutral
neutral terrible neutral like hate,neutral
like like hate like neutral terrible awesome bad bad,negative
terrible neutral bad neutral hate neutral like bad like like,negative
neutral awesome neutral terrible hate like neutral,negative
good terrible like terrible awesome awesome hate neutral hate hate bad neutral good,negative
like good neutral awesome like neutral like awesome bad,positive
hate terrible neutral terrible like neutral bad good terrible like terrible bad,positive
good like terrible bad like,positive
good good awesome neutral like awesome good like hate,positive
good terrible bad awesome like awesome awesome,neutral
bad hate neutral neutral neutral,neutral
good hate good like terrible bad terrible like,neutral
hate good bad awesome hate bad good hate awesome,negative
bad like hate neutral good good neutral terrible terrible good neutral,negative
awesome like terrible terrible awesome,positive
hate terrible awesome neutral bad hate good,negative
bad like awesome like neutral like,positive
good like neutral hate neutral terrible like hate bad bad terrible hate like,negative
hate awesome terrible neutral good awesome like good bad bad awesome neutral bad good,negative
awesome bad awesome hate neutral neutral neutral terrible like terrible,positive
neutral like neutral like bad good like good awesome neutral bad awesome like terrible,neutral
hate neutral like good like neutral neutral,neutral
bad bad bad awesome bad awesome like terrible neutral awesome like terrible,negative
hate terrible hate like hate bad hate bad like hate terrible hate,positive
terrible awesome terrible like neutral good,neutral
good good hate terrible terrible bad terrible terrible bad bad,negative
hate terrible awesome good like bad like terrible awesome good terrible,negative
hate good awesome bad terrible awesome,negative
terrible good terrible awesome like hate neutral like good awesome neutral hate good like,positive
terrible good good awesome neutral like,positive
terrible good good awesome good neutral awesome bad hate bad hate like like like,negative
neutral awesome awesome hate awesome,negative
good like like hate terrible bad like hate neutral good bad terrible,negative
terrible bad like bad hate,positive
hate good neutral awesome like like terrible awesome terrible awesome hate bad bad,negative
neutral bad neutral bad like hate good good hate like,negative
terrible hate good bad bad good good terrible good awesome terrible,neutral
like hate good bad like good awesome awesome bad terrible bad hate hate hate,positive
bad terrible neutral bad hate like terrible neutral terrible terrible hate,neutral
hate neutral bad neutral bad like terrible bad awesome neutral neutral good terrible terrible,neutral
bad like like awesome terrible awesome good,negative
like like awesome hate terrible neutral,neutral
awesome awesome bad neutral awesome bad hate terrible awesome bad hate bad neutral,neutral
bad hate awesome good terrible awesome awesome terrible terrible bad awesome bad,negative
bad neutral like good awesome hate neutral good terrible like hate bad good neutral,negative
like terrible terrible good hate good bad hate hate terrible like,neutral
terrible bad awesome bad hate neutral neutral good bad bad like good like,negative
bad like terrible like bad awesome bad terrible,negative
hate neutral awesome awesome terrible like neutral neutral,negative
neutral terrible awesome awesome good,neutral
awesome hate hate neutral bad neutral neutral awesome good terrible hate bad,neutral
bad good neutral terrible terrible terrible like,negative
neutral bad bad neutral bad awesome terrible hate bad awesome terrible,neutral
like neutral neutral hate hate awesome,neutral
like like awesome awesome bad like,negative
bad bad like terrible awesome bad terrible like good terrible good,positive
hate like good hate good awesome bad hate like bad,positive
like bad good bad terrible awesome neutral,positive
terrible like like terrible awesome like awesome good good terrible terrible awesome good,positive
terrible like neutral terrible neutral good terrible hate like like awesome hate bad good,positive
terrible bad bad bad terrible terrible neutral hate neutral neutral,negative
good neutral awesome awesome terrible bad like bad neutral like hate hate good like,neutral
hate good good awesome awesome awesome terrible awesome good like good like bad good,negative
hate awesome like hate neutral terrible hate good terrible good,positive
bad hate like terrible awesome,negative
good good like neutral terrible terrible like good,positive
hate neutral good bad terrible bad hate hate like hate awesome good neutral bad,neutral
bad terrible hate hate awesome like terrible neutral awesome hate,neutral
bad hate like like good terrible like neutral good good,negative
bad hate good neutral terrible hate terrible terrible awesome,negative
good like neutral hate awesome,negative
bad neutral terrible awesome awesome bad like terrible like awesome good hate,neutral
neutral hate bad like good good neutral bad awesome,neutral
hate like bad like awesome neutral neutral good good,positive
neutral awesome neutral hate neutral good bad good bad awesome awesome,neutral
terrible terrible awesome good good good neutral terrible,positive
terrible terrible hate neutral hate awesome good neutral awesome awesome,positive
like terrible bad terrible terrible bad like awesome,positive
bad neutral neutral neutral awesome bad good,positive
awesome neutral awesome neutral awesome hate good neutral neutral bad like,neutral
awesome terrible terrible bad awesome good bad neutral good awesome neutral hate,neutral
awesome hate hate neutral awesome neutral awesome hate,neutral
terrible bad neutral neutral terrible like,positive
awesome neutral bad awesome neutral neutral like like like awesome terrible hate bad neutral,negative
neutral hate hate awesome neutral good terrible,positive
terrible terrible bad like hate,neutral
good like awesome like bad awesome hate neutral hate like good hate,negative
like awesome bad like neutral bad neutral,neutral
bad like awesome hate awesome good awesome terrible awesome terrible awesome terrible terrible hate,neutral
awesome terrible good hate neutral like hate terrible terrible like good,positive
hate bad like like neutral bad like terrible good terrible like like like awesome,negative
hate awesome good good good neutral bad terrible like,neutral
terrible terrible like terrible bad awesome neutral awesome awesome hate like terrible like terrible,positive
neutral good awesome good neutral awesome good good hate,neutral
bad neutral neutral neutral awesome hate bad terrible awesome neutral awesome,positive
awesome like like awesome neutral good neutral good hate like good good hate,negative
like good like hate bad like bad terrible bad,neutral
bad neutral terrible awesome awesome,positive
hate awesome like bad bad like like awesome awesome good like terrible bad awesome,neutral
awesome awesome good like bad bad neutral hate like hate hate good terrible good,neutral
bad neutral neutral bad awesome,positive
neutral like hate awesome terrible like,negative
terrible awesome terrible awesome terrible good neutral neutral hate awesome,neutral
bad hate like like hate neutral terrible terrible good like bad neutral good,positive
neutral good bad neutral like bad terrible awesome awesome terrible bad terrible,negative
awesome bad awesome like terrible like like bad terrible,positive
awesome neutral bad bad neutral,negative
terrible good hate neutral good awesome bad bad hate awesome terrible,neutral
like awesome awesome like awesome awesome like hate awesome,negative
bad good terrible good hate hate bad neutral good neutral,positive
terrible neutral bad hate awesome terrible like hate hate awesome terrible,neutral
good terrible good neutral hate terrible hate,negative
terrible hate hate good hate like awesome terrible bad awesome good like hate like,positive
neutral hate good awesome neutral neutral hate,positive
awesome hate good hate hate bad bad hate like,neutral
like neutral hate like terrible like awesome bad terrible bad,positive
hate bad hate good terrible neutral terrible neutral terrible terrible bad neutral like,negative
neutral terrible neutral hate terrible like hate good bad,negative
good neutral hate like bad,neutral
hate bad bad bad like neutral hate bad,neutral
awesome awesome bad terrible like neutral like awesome awesome,negative
good like hate hate good awesome terrible like neutral like neutral awesome awesome neutral,neutral
good hate hate hate like good like awesome like like like neutral hate good,neutral
awesome bad awesome hate bad awesome neutral neutral hate,negative
neutral terrible terrible bad terrible hate awesome hate neutral like hate,positive
good good like hate hate awesome good good,positive
awesome awesome good awesome bad,neutral
bad like neutral bad hate neutral good like neutral,negative
good neutral like like bad good awesome like neutral like like,positive
awesome like good like good good bad awesome good bad terrible bad terrible like,negative
good good like neutral hate good hate awesome like bad awesome good bad awesome,positive
like hate good good neutral neutral neutral bad awesome hate,positive
like like bad good terrible terrible good terrible like,positive
awesome neutral like bad like like bad awesome,neutral
like awesome hate bad good good,positive
hate good terrible like awesome neutral awesome neutral,positive
bad neutral like good bad terrible terrible terrible like terrible neutral hate like good,neutral
neutral bad terrible terrible terrible bad like awesome neutral like good hate hate bad,negative
awesome good bad awesome like terrible good,neutral
good neutral neutral bad awesome hate hate terrible awesome neutral terrible like bad hate,negative
hate good good terrible good,positive
neutral bad good good hate awesome terrible neutral like like terrible hate,negative
awesome like awesome good like terrible terrible terrible bad,negative
good neutral good terrible bad hate bad terrible,negative
awesome terrible like hate hate like like like good neutral like awesome,neutral
hate bad good bad good awesome good awesome terrible terrible good,negative
like like like like bad good,positive
like bad like good bad,negative
neutral terrible terrible hate hate like neutral bad,negative
bad like hate hate neutral like good hate good neutral hate awesome,negative
terrible good neutral like terrible like,positive
awesome awesome terrible neutral good awesome hate,neutral
bad neutral bad neutral hate,positive
terrible like like good bad,neutral
terrible good good hate hate good bad,positive
awesome neutral awesome bad bad hate good terrible hate,neutral
like like awesome bad neutral bad awesome,neutral
neutral neutral hate good terrible,negative
good terrible like good bad,positive
hate terrible good awesome good awesome hate neutral hate hate neutral neutral,positive
terrible awesome good neutral bad neutral terrible hate neutral like terrible bad awesome neutral,neutral
awesome hate hate bad like terrible,positive
bad good awesome good bad terrible neutral,neutral
hate like good neutral good hate,neutral
awesome hate like like neutral good bad,neutral
bad awesome awesome good bad like neutral good good bad hate,neutral
awesome like neutral awesome like,positive
terrible good terrible bad like hate awesome good terrible terrible good awesome like bad,positive
neutral neutral hate neutral hate awesome like hate like neutral neutral awesome,negative
bad good bad bad hate hate terrible good bad good bad awesome awesome neutral,negative
good terrible neutral hate bad awesome neutral awesome neutral hate good good bad hate,neutral
neutral hate like like terrible good bad hate hate neutral bad good like bad,negative
awesome terrible good like neutral neutral,positive
good awesome hate awesome terrible like terrible,positive
good awesome good hate hate bad good good good hate hate bad bad,positive
hate awesome neutral like like like good terrible terrible neutral hate,positive
good good bad like awesome hate bad good,negative
good good awesome good bad terrible awesome hate like awesome awesome good awesome like,negative
bad neutral bad bad neutral neutral awesome bad good,neutral
terrible terrible bad like neutral awesome,negative
terrible awesome good good neutral awesome bad awesome bad like hate terrible,positive
like hate terrible hate good awesome hate like,negative
awesome terrible hate awesome neutral terrible terrible neutral awesome neutral bad good neutral,neutral
bad good hate hate neutral good hate awesome terrible,negative
hate terrible bad bad good bad like bad neutral terrible hate hate like,positive
hate bad terrible hate hate awesome neutral hate,positive
bad bad terrible neutral hate like like neutral terrible good like like neutral terrible,neutral
bad terrible bad hate hate awesome terrible neutral bad,negative
good good good bad terrible bad good terrible awesome good neutral terrible bad,positive
neutral like bad hate hate hate neutral good good bad terrible like,positive
hate good hate terrible hate neutral good,negative
like like awesome terrible good,negative
neutral neutral bad bad like awesome hate,neutral
awesome like neutral bad like terrible like terrible,negative
bad like terrible hate bad awesome,negative
like like neutral bad bad,neutral
good like terrible awesome hate hate terrible good bad terrible neutral,neutral
bad like terrible good awesome bad neutral like good bad neutral neutral,positive
like good hate like like like like neutral awesome good neutral,positive
bad like good neutral neutral hate good like good,positive
awesome awesome like awesome bad,negative
awesome awesome neutral terrible awesome good hate awesome hate hate terrible,neutral
hate like bad bad awesome good hate hate good neutral good,negative
neutral good good neutral bad awesome bad like good terrible good neutral terrible,neutral
awesome like good awesome like bad terrible,negative
bad good good neutral bad bad awesome like terrible like like terrible neutral,neutral
neutral neutral bad good good,negative
terrible terrible hate awesome bad,positive
neutral good awesome good neutral hate like like,neutral
awesome bad good good bad bad like neutral good awesome hate good neutral,negative
awesome awesome like neutral good like terrible awesome bad neutral,negative
neutral bad awesome good neutral awesome awesome,negative
bad hate neutral terrible good,positive
hate like like good good like neutral hate,neutral
awesome hate terrible bad terrible good hate awesome hate terrible awesome terrible like,negative
terrible bad awesome neutral good awesome hate,neutral
good terrible terrible terrible hate terrible like terrible bad good hate awesome bad,positive
bad hate bad bad good awesome good like awesome bad hate,neutral
bad hate terrible neutral neutral like hate good,positive
awesome terrible awesome terrible neutral hate neutral,neutral
awesome hate good hate like terrible terrible terrible hate awesome good awesome bad bad,neutral
terrible terrible hate good good terrible hate good hate,negative
hate terrible neutral awesome neutral awesome like awesome terrible,neutral
awesome good bad neutral awesome bad terrible,neutral
like like awesome good awesome neutral like bad good like awesome neutral neutral,positive
neutral hate hate neutral neutral neutral hate awesome,neutral
like good hate bad bad neutral like awesome hate,negative
neutral like awesome terrible like good bad awesome,positive
hate awesome like awesome hate terrible hate neutral hate,positive
terrible hate bad good neutral like terrible awesome bad hate hate,neutral
terrible good bad bad hate bad hate good bad good awesome good neutral,neutral
bad neutral neutral hate awesome terrible awesome like good like good,positive
neutral awesome terrible awesome bad hate awesome terrible terrible,negative
neutral bad hate neutral like hate like good neutral good awesome good bad hate,neutral
hate bad hate bad like bad like bad neutral like awesome terrible good hate,neutral
good awesome bad like bad terrible hate good bad neutral terrible,negative
like like like neutral awesome awesome hate neutral awesome neutral bad awesome neutral like,neutral
hate terrible awesome terrible good good terrible like hate,negative
terrible like terrible terrible neutral neutral like,positive
awesome good neutral neutral like neutral hate neutral neutral like like,neutral
neutral bad bad terrible hate bad,positive
hate hate hate hate terrible awesome like neutral like bad like good like,negative
neutral neutral awesome awesome awesome like good terrible like terrible hate bad neutral like,neutral
bad like terrible like hate awesome like neutral terrible neutral hate bad hate like,neutral
bad neutral good awesome bad,neutral
neutral like hate terrible hate bad like neutral like good,positive
neutral bad like hate neutral awesome hate neutral neutral neutral terrible,negative
awesome hate good awesome good hate like terrible terrible terrible good awesome,positive
terrible good hate like awesome terrible neutral awesome good hate hate bad bad bad,negative
awesome terrible awesome bad neutral hate like bad hate good awesome neutral like,positive
neutral like good good awesome neutral,positive
hate hate bad terrible hate bad awesome hate hate hate good bad terrible awesome,neutral
awesome awesome awesome awesome awesome good,positive
terrible bad like neutral good neutral hate hate terrible,positive
good like good like like bad bad like neutral,negative
bad good awesome terrible terrible neutral bad good hate good,negative
neutral awesome like terrible terrible terrible neutral,negative
like bad neutral awesome neutral hate bad bad hate awesome good bad,positive
like bad bad like good,neutral
terrible bad good neutral like like hate good awesome like,negative
hate terrible terrible good terrible good like good,neutral
hate good good like good,negative
awesome awesome good terrible neutral awesome like bad bad like like,neutral
good neutral awesome like good like terrible neutral terrible terrible like bad awesome,positive
terrible like terrible good neutral good hate good,negative
bad terrible bad hate neutral hate terrible bad,negative
like awesome neutral bad good terrible awesome bad like awesome,negative
bad good good like good good hate,neutral
like awesome bad good hate terrible good like like good,negative
like bad awesome neutral neutral awesome good good hate bad hate,positive
hate neutral neutral hate like neutral awesome like good good hate hate good good,positive
like like bad neutral neutral awesome terrible neutral like good neutral hate neutral bad,positive
awesome awesome awesome neutral hate awesome like,negative
hate awesome like hate bad good bad like like good hate,positive
good awesome terrible awesome hate terrible like,negative
bad terrible awesome hate neutral terrible,positive
hate like hate like bad awesome awesome good awesome awesome good good neutral like,negative
good like hate like terrible hate like terrible,neutral
terrible bad like hate neutral terrible terrible like like terrible good awesome,neutral
like bad awesome neutral like like like awesome bad hate hate terrible terrible,positive
good like bad terrible hate awesome hate awesome hate bad good,negative
neutral bad neutral neutral good,neutral
bad terrible like awesome awesome hate bad,positive
awesome awesome hate terrible awesome good hate awesome awesome neutral good awesome like,neutral
good good awesome awesome good,neutral
terrible good hate good hate terrible terrible like neutral terrible terrible bad like,neutral
awesome neutral neutral hate good hate bad hate awesome neutral terrible hate,neutral
terrible awesome like like neutral,neutral
awesome good good hate like bad good neutral neutral hate,neutral
hate neutral terrible terrible neutral like good good bad,negative
bad hate like like like awesome good neutral terrible bad,positive
good hate awesome bad awesome hate hate bad like neutral good hate awesome good,neutral
hate like terrible good hate awesome awesome like terrible,neutral
bad awesome good terrible like good terrible awesome hate terrible,negative
terrible hate bad like terrible bad like hate bad,positive
awesome like terrible terrible neutral terrible awesome awesome terrible,neutral
hate bad neutral awesome neutral neutral awesome hate,positive
bad awesome terrible like like terrible neutral,neutral
terrible hate neutral like like terrible like,positive
bad bad terrible like neutral like neutral like,positive
like like bad terrible terrible like like neutral like good hate neutral terrible,negative
terrible terrible like like awesome like,neutral
hate terrible neutral hate awesome hate good terrible good good awesome bad good,neutral
good bad neutral hate hate,positive
neutral like neutral bad hate,positive
like hate neutral bad hate terrible good neutral hate,negative
good terrible hate like like terrible hate bad like like,neutral
awesome bad terrible hate hate hate like neutral like like,positive
awesome awesome awesome hate like neutral terrible,positive
good like neutral bad terrible hate hate hate hate awesome hate,positive
like like like like neutral hate terrible terrible like terrible bad hate like,positive
neutral awesome bad like good bad bad like terrible good awesome good awesome neutral,neutral
neutral bad bad terrible hate neutral good neutral awesome like bad good,positive
neutral terrible good hate like terrible hate like neutral awesome,neutral
terrible neutral good hate like neutral terrible bad bad terrible good hate,neutral
bad awesome terrible terrible awesome good neutral bad bad,neutral
neutral neutral neutral neutral bad hate terrible terrible awesome terrible hate hate,neutral
good good like neutral awesome bad like terrible terrible bad good like neutral awesome,positive
awesome neutral terrible like neutral good terrible hate,negative
terrible hate terrible awesome awesome good neutral like bad neutral terrible good good bad,neutral
terrible good like good bad like like hate bad hate like awesome,positive
bad terrible hate like like hate awesome like hate good like like bad good,negative
like neutral good good good good,positive
hate neutral terrible good terrible hate bad neutral awesome,negative
awesome like awesome awesome neutral good awesome like good terrible good like like,neutral
good hate like terrible good like hate good,negative
terrible good neutral hate like neutral terrible good neutral hate,negative
awesome awesome hate like good,negative
bad terrible bad bad like awesome hate hate hate terrible neutral like bad,negative
like hate hate like like,negative
good terrible hate terrible bad good good good terrible,neutral
awesome terrible terrible good neutral bad like like,neutral
neutral bad awesome like hate terrible bad,positive
bad bad terrible hate neutral bad good bad like hate,neutral
hate good hate hate terrible awesome,neutral
terrible good neutral like good neutral good,positive
like terrible awesome neutral neutral bad like like bad,positive
neutral terrible good bad neutral awesome awesome neutral terrible like neutral like terrible,positive
terrible terrible neutral hate neutral awesome,positive
good neutral bad hate bad like like like awesome neutral hate neutral bad like,neutral
neutral awesome awesome awesome neutral hate neutral awesome terrible good bad like,neutral
good hate neutral hate hate bad,neutral
bad neutral like like good like good good hate,neutral
like good hate terrible terrible awesome hate terrible bad good terrible,negative
terrible terrible awesome like hate bad neutral awesome bad hate terrible like,negative
bad awesome terrible terrible good,negative
neutral terrible good like bad hate hate terrible like bad,neutral
bad awesome bad bad terrible,neutral
like hate bad like like awesome,negative
good bad hate awesome bad,positive
neutral neutral bad good like bad terrible hate neutral,negative
awesome awesome good good like neutral good like terrible like hate neutral hate like,negative
terrible terrible terrible bad awesome like awesome neutral terrible like hate good terrible,negative
awesome bad terrible awesome neutral hate hate neutral awesome hate,negative
terrible good terrible bad awesome,positive
bad good terrible like neutral,positive
bad bad bad neutral terrible like,positive
like bad awesome hate neutral like good awesome like awesome awesome bad terrible,positive
like hate awesome good bad good bad,neutral
terrible bad bad like terrible,positive
terrible bad good bad neutral bad terrible awesome terrible,neutral
like good like like like hate neutral good bad awesome terrible,negative
hate awesome bad bad hate awesome terrible bad hate terrible,positive
terrible like terrible neutral bad,neutral
like neutral awesome terrible terrible good bad awesome awesome,positive
good good bad terrible hate terrible like awesome hate,positive
terrible good bad awesome terrible terrible good hate terrible terrible,positive
good awesome like bad terrible terrible hate,positive
hate like like awesome terrible awesome neutral hate good,neutral
terrible awesome bad hate awesome hate hate awesome neutral terrible hate,neutral
hate hate like terrible good awesome bad neutral awesome,positive
hate good neutral terrible terrible awesome neutral bad good,neutral
like hate good terrible terrible good terrible good awesome,neutral
bad like hate neutral awesome neutral good bad awesome like terrible neutral neutral hate,neutral
awesome terrible neutral terrible neutral like awesome hate bad awesome terrible hate terrible awesome,positive
neutral terrible terrible awesome neutral neutral terrible,negative
hate like awesome like bad,neutral
good like bad awesome hate like bad good bad,neutral
awesome hate neutral hate terrible terrible like like like good bad awesome like,positive
hate good hate bad awesome,neutral
awesome good good neutral bad neutral good,neutral
good like awesome awesome terrible like terrible neutral,neutral
terrible good hate hate bad,neutral
awesome awesome good bad hate,neutral
hate terrible neutral bad good hate terrible terrible terrible like bad terrible,positive
like good neutral bad like good,positive
good neutral hate awesome neutral like awesome awesome terrible bad terrible good,neutral
like good good terrible neutral like hate terrible terrible neutral neutral,negative
bad terrible bad awesome awesome terrible good neutral bad awesome terrible good terrible good,neutral
neutral neutral good hate terrible neutral terrible hate hate terrible neutral like awesome awesome,neutral
awesome hate bad hate neutral hate,negative
like awesome terrible hate good awesome good neutral good awesome,neutral
hate bad like like bad hate neutral awesome neutral terrible,neutral
good like hate neutral bad neutral good,negative
like like hate neutral good terrible,positive
awesome neutral neutral bad terrible,negative
bad like like bad awesome like bad bad like bad,negative
bad bad bad hate bad hate terrible neutral bad,positive
good good like like awesome terrible good hate hate terrible good hate awesome,negative
terrible neutral awesome terrible hate,negative
awesome bad hate terrible neutral awesome bad hate terrible bad good,neutral
hate awesome awesome terrible good terrible neutral awesome hate,neutral
hate bad awesome good like terrible awesome neutral like,positive
good like bad awesome terrible good,negative
neutral terrible hate neutral bad terrible neutral,positive
neutral awesome terrible neutral neutral bad awesome awesome bad awesome like,negative
neutral hate awesome neutral awesome bad terrible bad terrible like,positive
hate good like neutral hate bad,neutral
awesome hate awesome bad bad hate like bad awesome hate,positive
bad awesome awesome bad hate like,neutral
terrible like neutral hate awesome neutral,negative
terrible hate terrible good awesome good,neutral
bad good bad hate neutral awesome hate,neutral
good awesome like neutral neutral neutral,negative
terrible terrible hate neutral neutral good awesome good,negative
hate like terrible bad terrible terrible like like terrible bad hate neutral neutral,negative
like terrible awesome hate like awesome good awesome terrible neutral,negative
like bad hate bad like,negative
awesome like terrible terrible awesome hate good good bad neutral bad neutral,negative
like neutral like neutral terrible like awesome neutral awesome hate hate,negative
like terrible terrible awesome awesome bad bad hate good bad like bad like neutral,neutral
like like good bad bad awesome good,positive
good awesome terrible good good,negative
terrible hate good good neutral terrible bad good like,negative
neutral bad bad like neutral awesome like bad,positive
terrible hate bad good good like neutral hate neutral hate awesome awesome hate terrible,negative
terrible awesome bad like terrible bad terrible terrible awesome like like like,neutral
awesome terrible like like terrible,negative
neutral awesome terrible bad hate good awesome neutral neutral awesome neutral bad neutral good,positive
terrible hate hate hate bad,negative
neutral awesome terrible good like awesome hate awesome,negative
good hate awesome hate neutral terrible bad hate good terrible neutral bad,negative
terrible awesome awesome bad bad like like like awesome,negative
bad neutral good awesome like bad,neutral
hate hate terrible hate like like neutral neutral like like,neutral
hate neutral awesome bad hate good bad bad neutral,positive
like awesome terrible awesome neutral like,neutral
awesome bad neutral good bad good terrible,positive
bad good neutral neutral bad like awesome like good bad good bad good,negative
bad neutral awesome neutral hate hate awesome neutral awesome like hate,positive
neutral good hate hate bad good neutral hate awesome good terrible,negative
bad bad hate neutral hate awesome hate good good hate,neutral
bad awesome hate awesome bad like good bad awesome like hate good,neutral
like bad awesome awesome like neutral neutral bad,neutral
like good like terrible terrible good neutral awesome like neutral bad neutral,positive
hate like bad good bad like awesome neutral,positive
bad hate neutral terrible good awesome hate bad good good terrible hate,neutral
awesome like terrible bad neutral hate good bad bad awesome good like terrible,negative
hate like good good neutral like bad,neutral
terrible hate good bad awesome bad neutral,neutral
hate like hate neutral hate awesome,neutral
bad good like awesome neutral like bad neutral good awesome like awesome terrible neutral,neutral
like awesome bad terrible bad terrible neutral,negative
like awesome neutral hate hate terrible hate,neutral
bad good terrible bad awesome neutral hate neutral terrible,negative
awesome good hate like terrible awesome like bad good,neutral
hate neutral hate terrible bad neutral,neutral
good like terrible hate awesome bad terrible like awesome hate terrible bad terrible neutral,negative
awesome like neutral good good terrible like good good hate,positive
bad hate good bad good awesome bad good good,neutral
like hate awesome like awesome terrible terrible like terrible neutral,positive
neutral bad terrible like good,positive
bad like awesome hate good awesome hate like good,negative
terrible like awesome hate neutral hate like good hate terrible neutral terrible good,neutral
good hate neutral good bad terrible good good like bad terrible awesome bad bad,neutral
like bad terrible like bad terrible,neutral
terrible awesome like good hate,neutral
terrible neutral like awesome like like awesome good bad hate bad terrible awesome terrible,negative
like bad terrible terrible awesome neutral neutral terrible neutral hate neutral awesome hate,neutral
awesome hate like neutral terrible bad terrible terrible bad awesome hate terrible like neutral,negative
awesome awesome awesome good like good neutral terrible good terrible bad neutral good,negative
bad bad hate neutral good hate hate like hate neutral terrible terrible terrible,neutral
terrible bad good good awesome neutral bad bad neutral neutral,neutral
bad bad neutral hate neutral good terrible awesome terrible bad like good,neutral
neutral hate awesome bad awesome,neutral
like terrible hate good terrible like neutral good like hate terrible awesome good hate,positive
hate neutral neutral hate awesome awesome hate good,positive
like like hate terrible good,neutral
hate like awesome good neutral terrible good neutral terrible terrible bad neutral,neutral
like bad bad good like,neutral
awesome awesome hate terrible terrible terrible good,positive
awesome neutral hate awesome bad bad neutral good,negative
terrible like good terrible awesome neutral good awesome terrible awesome hate like,positive
hate bad awesome terrible bad awesome awesome like terrible bad,neutral
terrible like terrible bad bad good neutral hate awesome neutral like terrible good good,neutral
awesome awesome neutral neutral bad neutral neutral terrible like good hate,negative
bad neutral terrible hate hate awesome terrible bad awesome good hate bad,positive
like neutral bad hate like hate,positive
good like good bad terrible bad hate hate hate neutral good neutral like hate,positive
neutral awesome awesome good neutral bad like terrible bad bad terrible terrible,negative
terrible awesome terrible like bad like like,neutral
good awesome terrible like terrible good neutral bad good neutral bad,neutral
terrible neutral good awesome like good good,negative
like neutral like hate like neutral hate good good neutral hate,neutral
awesome bad awesome terrible like good,negative
awesome hate terrible terrible good bad bad terrible awesome terrible like good good bad,neutral
neutral neutral awesome awesome like bad good neutral like neutral,negative
like neutral bad terrible neutral hate good,neutral
neutral awesome hate good terrible neutral bad,positive
neutral awesome like bad good like awesome terrible like terrible hate like like,positive
awesome bad terrible bad awesome neutral terrible neutral awesome terrible bad,positive
like bad terrible terrible like hate bad hate bad,negative
like like terrible bad awesome hate bad like terrible bad neutral good terrible terrible,neutral
good bad neutral hate bad like good hate neutral awesome awesome,negative
awesome like hate like like neutral bad hate bad good bad bad good,neutral
terrible neutral terrible terrible terrible,positive
terrible bad bad like good neutral good like hate awesome bad,neutral
hate terrible awesome like like neutral bad hate awesome awesome,negative
bad bad bad bad good awesome hate good neutral awesome bad like like bad,positive
good bad awesome hate terrible awesome like neutral hate awesome bad awesome awesome,positive
terrible like hate awesome like,negative
awesome terrible like terrible terrible terrible terrible like,neutral
hate good terrible good awesome awesome hate good bad terrible terrible awesome like,positive
terrible awesome terrible hate like good bad neutral,negative
awesome neutral hate hate neutral awesome bad awesome neutral terrible good like terrible bad,negative
hate like awesome good like terrible good,positive
hate terrible like terrible bad awesome awesome neutral awesome good bad awesome terrible,neutral
bad awesome good neutral neutral like,neutral
like hate bad like like good good good,neutral
awesome like neutral good terrible like awesome like hate terrible,neutral
bad awesome terrible awesome good hate,positive
neutral terrible hate like hate bad bad hate bad bad hate like,positive
awesome neutral neutral like hate awesome neutral like bad good bad bad,positive
terrible hate neutral good awesome,negative
hate awesome terrible hate good terrible awesome,positive
bad terrible like awesome awesome awesome awesome good terrible terrible good bad terrible neutral,neutral
like terrible hate hate bad good bad bad good like neutral good bad,positive
like terrible hate terrible neutral neutral good good good,negative
bad bad like neutral terrible like like like terrible terrible,neutral
bad awesome like terrible neutral good good hate,negative
neutral neutral awesome hate good hate awesome hate terrible good neutral awesome bad good,neutral
hate neutral neutral terrible awesome terrible,positive
like bad terrible good good terrible like like terrible good awesome like,neutral
terrible hate like neutral awesome terrible hate neutral neutral terrible,neutral
terrible neutral bad terrible terrible awesome terrible like like,negative
awesome hate bad terrible bad like neutral bad good good good awesome like,positive
like hate bad hate terrible,negative
awesome good neutral neutral terrible hate like bad good,neutral
bad like neutral neutral hate good neutral neutral terrible terrible,negative
hate good good like neutral neutral awesome like terrible,neutral
good hate bad bad neutral hate neutral like awesome awesome,positive
like bad awesome bad like awesome hate terrible neutral awesome,negative
like good hate terrible neutral terrible like like neutral terrible terrible,positive
bad terrible like neutral hate hate neutral good,positive
neutral hate good neutral awesome like terrible hate bad terrible terrible awesome,positive
terrible good hate hate hate neutral like hate neutral like good,negative
awesome good awesome bad neutral awesome hate neutral bad terrible neutral bad good,negative
hate good hate bad good awesome terrible good hate awesome terrible,positive
bad neutral awesome like hate terrible neutral,negative
bad hate hate good hate terrible like,positive
bad like good awesome awesome like hate terrible good good neutral good,neutral
hate terrible hate good neutral awesome good good terrible,neutral
like neutral good terrible hate neutral like bad,negative
bad bad neutral neutral terrible neutral hate awesome like good neutral bad,positive
neutral good good terrible terrible terrible good bad terrible neutral,neutral
neutral neutral bad like hate neutral,neutral
bad bad good neutral terrible neutral terrible awesome,positive
bad good awesome like good good awesome good,positive
awesome awesome bad like terrible terrible like hate like like,negative
terrible neutral neutral neutral hate bad like hate like hate,neutral
good hate hate awesome terrible,positive
good hate hate like awesome good awesome neutral like like like hate,negative
awesome bad bad bad hate terrible neutral neutral awesome bad,neutral
like neutral hate hate neutral awesome awesome,positive
good awesome good neutral awesome awesome hate bad neutral hate neutral terrible terrible,positive
terrible good awesome hate like hate,positive
neutral terrible like good hate neutral terrible awesome awesome terrible awesome bad,neutral
bad terrible bad awesome awesome good neutral bad hate like terrible awesome hate awesome,neutral
hate neutral terrible like bad bad like,neutral
good like like terrible hate awesome good terrible terrible,negative
neutral terrible good hate awesome bad neutral awesome good terrible,positive
like hate terrible hate hate awesome neutral awesome like like good good bad hate,positive
terrible hate like hate good hate bad like bad awesome,neutral
neutral awesome terrible terrible awesome bad bad like,negative
neutral terrible hate like neutral awesome like,negative
good terrible good terrible terrible awesome hate bad,negative
good neutral terrible good good,neutral
terrible hate neutral good hate neutral hate good,positive
awesome like terrible awesome like,negative
like awesome awesome awesome awesome,neutral
bad like bad awesome bad bad terrible awesome hate neutral hate awesome bad neutral,neutral
bad bad good good like good bad like awesome like,negative
bad good bad like hate awesome hate awesome hate,neutral
terrible awesome terrible bad awesome terrible awesome terrible,negative
awesome neutral bad bad awesome terrible good,neutral
awesome hate like bad like,neutral
neutral awesome terrible terrible neutral good good terrible awesome like,negative
good terrible awesome like good bad,neutral
like terrible hate hate hate neutral awesome terrible good terrible terrible good,positive
awesome like like like like good like like terrible hate terrible neutral terrible good,negative
terrible hate good awesome awesome terrible awesome terrible like,negative
awesome neutral hate neutral neutral bad good like terrible like neutral,neutral
hate terrible neutral good like awesome terrible bad terrible good like neutral hate like,neutral
good neutral awesome good bad terrible,positive
hate hate neutral neutral bad terrible neutral neutral hate neutral good like,positive
terrible bad terrible like bad like,negative
neutral hate bad neutral hate like bad awesome,positive
hate terrible hate good neutral,positive
bad terrible hate bad hate awesome hate awesome hate,negative
bad like awesome like like bad bad terrible like hate neutral good like,negative
hate hate good good bad,negative
awesome awesome neutral awesome like hate terrible bad awesome like like awesome awesome,negative
bad terrible hate awesome good neutral hate awesome awesome like neutral terrible,neutral
good good terrible like neutral hate awesome terrible like hate,negative
neutral neutral neutral hate good neutral like terrible awesome awesome hate,neutral
like bad like like terrible hate bad,neutral
neutral like like bad neutral,neutral
good like good hate good good awesome good terrible,positive
like awesome neutral bad like neutral,negative
bad good good terrible good good terrible like hate,positive
terrible like good like good good hate terrible bad awesome like hate,neutral
terrible hate bad good like bad neutral neutral awesome like good like awesome,negative
hate awesome like like hate hate,negative
neutral bad hate good neutral hate good,negative
awesome neutral good neutral hate neutral bad,negative
good awesome bad terrible awesome,positive
like awesome good bad terrible hate awesome bad terrible like good awesome,neutral
neutral good good good good terrible like neutral hate awesome,positive
awesome bad like like good good like awesome neutral bad like neutral,negative
terrible good terrible like hate awesome awesome awesome awesome hate like hate hate,positive
terrible bad good awesome like hate hate awesome good,neutral
terrible neutral neutral like neutral awesome good,neutral
like good neutral terrible hate neutral good hate awesome,negative
like bad bad terrible good awesome like bad neutral,neutral
awesome good like like neutral awesome good like awesome,neutral
bad bad good bad good like terrible,positive
awesome awesome good hate terrible like neutral awesome terrible hate hate awesome good good,negative
good neutral hate like good awesome good bad,neutral
like terrible awesome like hate hate terrible bad like terrible bad good good,neutral
bad awesome like good awesome terrible good bad like like bad good bad like,positive
neutral hate hate good awesome terrible bad hate terrible good hate hate good,positive
awesome terrible hate terrible bad good,positive
awesome neutral hate hate like like awesome neutral good like terrible terrible,positive
neutral hate hate bad hate good terrible bad neutral good good neutral,positive
hate awesome bad like neutral terrible bad awesome bad terrible good,positive
good hate hate like terrible awesome hate bad good awesome good good,positive
bad good like like terrible neutral awesome,neutral
hate hate hate awesome like bad bad bad like neutral,neutral
awesome awesome bad bad terrible,neutral
good terrible bad like awesome terrible good like hate hate neutral,negative
awesome good terrible bad bad,positive
terrible good terrible neutral hate hate terrible terrible bad awesome hate like like,positive
neutral good bad good hate,positive
like hate awesome awesome bad,positive
like good good like neutral neutral bad awesome neutral neutral terrible,negative
good good like good terrible bad,positive
hate good awesome terrible good good bad like awesome,neutral
terrible neutral awesome bad like like neutral bad hate good neutral bad,positive
bad like awesome hate bad awesome bad good awesome terrible awesome good,negative
bad bad terrible awesome bad awesome neutral,positive
awesome like bad like neutral neutral bad neutral bad good like,neutral
good neutral bad good hate awesome awesome,negative
bad hate neutral bad neutral terrible bad hate hate like,neutral
bad terrible terrible hate bad good awesome hate terrible awesome,positive
terrible awesome hate awesome neutral good like,negative
like hate bad bad neutral awesome terrible bad terrible bad terrible,positive
awesome good good awesome like hate terrible,positive
awesome terrible awesome awesome hate hate like hate good awesome awesome bad,positive
terrible hate good like like awesome bad bad neutral neutral bad like good good,negative
like neutral bad like awesome hate terrible like,neutral
good awesome awesome hate bad,neutral
awesome bad hate hate neutral like awesome like,neutral
good hate like good awesome like neutral terrible good neutral awesome,negative
like terrible terrible terrible hate bad hate like,positive
terrible neutral like good terrible like neutral good good awesome,negative
awesome terrible good neutral neutral bad like terrible like good terrible like hate,positive
bad neutral bad terrible good,neutral
awesome like hate terrible hate like bad hate like,positive
neutral neutral neutral terrible like awesome neutral good good neutral neutral,negative
awesome terrible terrible hate good,negative
like terrible like hate terrible neutral awesome terrible,negative
hate like like hate good bad awesome good good awesome,positive
neutral good good bad neutral good,neutral
bad awesome bad hate bad terrible like good neutral awesome like terrible bad awesome,negative
awesome awesome like like good neutral bad good good,positive
hate terrible like neutral awesome terrible neutral like like hate neutral awesome terrible like,neutral
terrible hate terrible awesome awesome,negative
terrible bad hate neutral bad hate neutral bad awesome neutral,negative
hate hate good bad neutral neutral awesome bad terrible bad,neutral
terrible neutral bad bad hate like like like,positive
bad bad good good neutral terrible bad awesome neutral neutral bad bad,neutral
like good like neutral neutral bad neutral awesome,neutral
bad terrible neutral good good awesome awesome hate bad awesome neutral bad,positive
like terrible terrible neutral like like neutral awesome neutral hate terrible like,positive
hate terrible like awesome neutral like good like awesome,positive
bad like terrible good neutral good awesome terrible,positive
awesome neutral good neutral good terrible,neutral
bad terrible terrible bad hate hate neutral,positive
good good terrible hate awesome like like,positive
terrible awesome bad awesome neutral terrible terrible terrible,positive
like neutral awesome bad like hate awesome neutral,negative
neutral good neutral neutral neutral neutral awesome hate terrible good bad like awesome like,negative
hate awesome neutral bad hate like awesome like awesome,positive
hate terrible terrible good bad bad neutral awesome,neutral
neutral good terrible hate awesome good good awesome like neutral awesome bad terrible awesome,neutral
terrible hate bad bad bad hate awesome neutral terrible awesome good hate,negative
hate terrible neutral awesome terrible like awesome bad good hate,positive
bad neutral neutral like hate like awesome good like like,negative
awesome bad awesome like like bad good good hate neutral awesome good,neutral
like neutral terrible awesome terrible awesome hate neutral like like awesome,neutral
hate good neutral terrible like terrible good hate neutral bad terrible good bad neutral,negative
like bad neutral bad good neutral neutral awesome like neutral good neutral neutral terrible,neutral
good terrible bad hate like bad hate good terrible hate bad terrible,negative
hate neutral hate hate like hate,negative
neutral like like like neutral good terrible terrible neutral hate bad good bad,neutral
